
<!--  Our one element xml document, describing one instance of a Library object -->

<carrentals>      <!-- the one libraryobject conatining alle the info -->

	<name>ZJO Car Rental Service</name>            <!--  here follow all attributes of the mylibrary object -->
	<city>Ealing</city>
	<street>St Marys Road</street>
	<housenumber>11</housenumber>
	<postcode>W 13</postcode>	
	
	<Car>                                       <!-- An Instance of a book -->
		<driver>Dostoyjewski</driver>              <!-- And its attributes -->
		<title>War and Peace</title>
		<isbn>12345Sn</isbn>
		<location>shelf 3 row 4</location>
		<islend>001</islend>
	</Car>
	
	<Book>
		<autor>Herbert George Wells</autor>
		<title>The war of the worlds</title>
		<isbn>12345Sn4567</isbn>
		<location>shelf 4 row 5</location>
		<islend>null</islend>
	</Book>
	<Book>
		<autor>Herbert George Wells</autor>
		<title>The time machine</title>
		<isbn>375954Fe4599</isbn>
		<location>shelf 7 row 11</location>
		<islend>null</islend>
	</Book>
	
	<Member>
		<surname>Joe</surname>
		<lastname>Average</lastname>
		<age>25</age>
		<memberid>J_AV_25</memberid>
		
		<city>London</city>
		<street>Bond Street</street>
		<housenumber>14</housenumber>
		<postcode>L 7</postcode>	
	  
	    <haslend>null</haslend>
	</Member>
	<Member>
		<surname>Susan</surname>
		<lastname>Someone</lastname>
		<age>68</age>
		<memberid>S_SO_68</memberid>
		
		<city>Ealing</city>
		<street>Cairn Road</street>
		<housenumber>17</housenumber>
		<postcode>W 14</postcode>	
	    
	    <haslend>001</haslend>
	</Member>
	
	<Catalog>
		<name>scifibooks</name>
		<url>www.somwhere.uk/scifi</url>
		<location>upper storie left</location>
		<Books>12345Sn4567#375954Fe4567#</Books>
	</Catalog>
	<Catalog>
		<name>boringbooks</name>
		<url>www.somwhere.uk/boring</url>
		<location>lower storie right</location>
		<Books>12345Sn#</Books>
	</Catalog>
	
	<Lending>
		<lendid>001</lendid>
		<memberid>S_SO_68</memberid>
		<isbn>12345Sn</isbn>
		<startdate>01102011</startdate>
		<enddate>22102011</enddate>	
	</Lending>
	<Lending>
		<lendid>002</lendid>
		<memberid>S_SO_68</memberid>
		<isbn>12345XZ</isbn>
		<startdate>01102011</startdate>
		<enddate>22102011</enddate>	
	</Lending>
	<Lending>
		<lendid>003</lendid>
		<memberid>S_SO_68</memberid>
		<isbn>0372</isbn>
		<startdate>01102011</startdate>
		<enddate>22102011</enddate>	
	</Lending>

</mylibrary>     <!-- closing the one libraryobject conatining alle the info -->